{
  "isDev": true,
  "server": {
    "port": 8889,
    "/* secure */": "/* whether this connects via https */",
    "secure": true,
    "key": "config/sslcerts/key.pem",
    "cert": "config/sslcerts/cert.pem",
    "password": null,
    "pingTimeout": 10000,
    "pingInterval": 4800
  },
  "rooms": {
    "/* maxClients */": "/* maximum number of clients per room. 0 = no limit */",
    "maxClients": 0
  },
  "stunservers": [
    {
      "url": "stun:stun.l.google.com:19302"
    }
  ],
  "turnservers": [
    {
      "urls": ["turn:ec2-54-167-36-156.compute-1.amazonaws.com:3478"],
      "username": "user",
      "credential": "root"
    }
  ]
}
